<?xml version="1.0" encoding="UTF-8" standalone="no"?>
<registration_data version="1.0">
   <environment>
      <hostname>DESKTOP-CB8R44J</hostname>
      <hostId/>
      <osName>Windows NT (unknown)</osName>
      <osVersion>6.2</osVersion>
      <osArchitecture>amd64</osArchitecture>
      <systemModel>20FVA6J1CD</systemModel>
      <systemManufacturer>LENOVO</systemManufacturer>
      <cpuManufacturer>GenuineIntel</cpuManufacturer>
      <serialNumber>PF0QZZGE</serialNumber>
   </environment>
   <registry urn="urn:st:6c53cfb0-ea2e-415a-a363-a6d77f6f1974" version="1.0">
      <service_tag>
         <instance_urn>urn:st:ab1c11b1-f1e0-4994-91d7-f6abe580df43</instance_urn>
         <product_name>Java SE 7 Development Kit</product_name>
         <product_version>1.7.0</product_version>
         <product_urn>JSEZ9-007-ZZZZ</product_urn>
         <product_parent_urn>urn:uuid:dc1704fe-264f-11dc-9482-080020a9ed93</product_parent_urn>
         <product_parent>Java Platform Standard Edition 7 (Java SE 7)</product_parent>
         <product_defined_inst_id>id=1.7.0-b147 amd64,dir=C:\Program Files\Java\jdk1.7.0\jre</product_defined_inst_id>
         <product_vendor>Oracle Corporation</product_vendor>
         <platform_arch>amd64</platform_arch>
         <timestamp>2020-10-18 07:10:31 GMT</timestamp>
         <container>global</container>
         <source>Windows JDK i586 installer</source>
         <installer_uid>-1</installer_uid>
      </service_tag>
   </registry>
</registration_data>
